{
    "acc_known": 0.06320006110758568,
    "acc_known_ori": [
        0.08766769865841073,
        0.007348080345792016,
        0.07749550773780145,
        0.0802889576883385
    ],
    "acc_known_std": 0.032459587270324795,
    "acc_unknown": 0.058800533943554535,
    "acc_unknown_ori": [
        0.0,
        0.21052631578947367,
        0.021052631578947368,
        0.0036231884057971015
    ],
    "acc_unknown_std": 0.08795973405815236,
    "h": 0.01356110232575234,
    "h_ori": [
        0.0,
        0.014200514707237226,
        0.033110404412275266,
        0.0069334901834968675
    ],
    "h_std": 0.012353266766946945,
    "masked cell number": 1,
    "seed": 37
}