{
    "acc_known": 0.2925642443829511,
    "acc_known_ori": [
        0.4138110895905353,
        0.16507731750225976,
        0.3323493948493949,
        0.25901917558961435
    ],
    "acc_known_std": 0.09173582156968711,
    "acc_unknown": 0.2743118722333503,
    "acc_unknown_ori": [
        0.0,
        0.6181818181818182,
        0.12471131639722864,
        0.35435435435435436
    ],
    "acc_unknown_std": 0.2357332540316151,
    "h": 0.18530414093862232,
    "h_ori": [
        0.0,
        0.2605722464634858,
        0.1813664115755762,
        0.2992779057154273
    ],
    "h_std": 0.11511780610339768,
    "masked cell number": 1,
    "seed": 37
}