{
    "acc_known": 0.06987506208416856,
    "acc_known_ori": [
        0.11060499902799281,
        0.029694870831130774,
        0.05262803720607726,
        0.08657234127147344
    ],
    "acc_known_std": 0.031022711567426288,
    "acc_unknown": 0.06769003406839388,
    "acc_unknown_ori": [
        0.0,
        0.16937669376693767,
        0.09780775716694773,
        0.003575685339690107
    ],
    "acc_unknown_std": 0.0706042570075891,
    "h": 0.03145801539452955,
    "h_ori": [
        0.0,
        0.05053076317924321,
        0.06843358397086503,
        0.00686771442800995
    ],
    "h_std": 0.02883249908431916,
    "masked cell number": 1,
    "seed": 37
}