{
    "acc_known": 0.28898716520622,
    "acc_known_ori": [
        0.37814895717832986,
        0.0545590943190343,
        0.380556856983656,
        0.34268375234385967
    ],
    "acc_known_std": 0.13617514227090963,
    "acc_unknown": 0.28749501791800824,
    "acc_unknown_ori": [
        0.0,
        0.9960552268244576,
        0.019027484143763214,
        0.1348973607038123
    ],
    "acc_unknown_std": 0.41233233460744795,
    "h": 0.08332077157478565,
    "h_ori": [
        0.0,
        0.10345160916545407,
        0.03624285947555619,
        0.19358861765813234
    ],
    "h_std": 0.07369350257214487,
    "masked cell number": 1,
    "seed": 37
}