{
    "acc_known": 0.014467934762392037,
    "acc_known_ori": [
        0.021082750817161905,
        0.02055635311986351,
        0.0073857948857948864,
        0.008846840226747848
    ],
    "acc_known_std": 0.006375304670060352,
    "acc_unknown": 0.016856090160073993,
    "acc_unknown_ori": [
        0.0,
        0.0011363636363636363,
        0.03926096997690531,
        0.02702702702702703
    ],
    "acc_unknown_std": 0.01685722525968454,
    "h": 0.00697916424470246,
    "h_ori": [
        0.0,
        0.0021536714321370065,
        0.012432736637590194,
        0.01333024890908264
    ],
    "h_std": 0.0059596946796217345,
    "masked cell number": 1,
    "seed": 37
}