{
    "acc_known": 0.13515305209156248,
    "acc_known_ori": [
        0.18652554244355632,
        0.027177292766207315,
        0.16114637364637366,
        0.16576299951011267
    ],
    "acc_known_std": 0.063068452916793,
    "acc_unknown": 0.13546361814260197,
    "acc_unknown_ori": [
        0.0,
        0.45454545454545453,
        0.03926096997690531,
        0.04804804804804805
    ],
    "acc_unknown_std": 0.1851081046115689,
    "h": 0.04723207273155172,
    "h_ori": [
        0.0,
        0.051288069590528715,
        0.06313903296388522,
        0.07450118837179297
    ],
    "h_std": 0.028477867970902036,
    "masked cell number": 1,
    "seed": 37
}