{
    "acc_known": 0.1163280772180732,
    "acc_known_ori": [
        0.19368883775620063,
        0.04285875807075485,
        0.12524963689179378,
        0.10351507615354354
    ],
    "acc_known_std": 0.05391241821301334,
    "acc_unknown": 0.11215238002552226,
    "acc_unknown_ori": [
        0.0,
        0.30439814814814814,
        0.0030349013657056147,
        0.1411764705882353
    ],
    "acc_unknown_std": 0.12478542952656344,
    "h": 0.05012796489705642,
    "h_ori": [
        0.0,
        0.0751381836042926,
        0.005926205904783943,
        0.11944747007914913
    ],
    "h_std": 0.049742620561258694,
    "masked cell number": 1,
    "seed": 37
}