{
    "acc_known": 0.4080205287783642,
    "acc_known_ori": [
        0.36402033348405327,
        0.4917282093749389,
        0.5063397407152892,
        0.2699938315391754
    ],
    "acc_known_std": 0.09703224923118646,
    "acc_unknown": 0.4101787755432901,
    "acc_unknown_ori": [
        0.5617977528089888,
        0.1411042944785276,
        0.12853470437017994,
        0.8092783505154639
    ],
    "acc_unknown_std": 0.2889607430938074,
    "h": 0.3177486346197036,
    "h_ori": [
        0.44178399267820995,
        0.21928381249869133,
        0.20502393626806528,
        0.4049027970338479
    ],
    "h_std": 0.10651619230028288,
    "masked cell number": 1,
    "seed": 37
}