{
    "acc_known": 0.04445205194270299,
    "acc_known_ori": [
        0.06509928119711143,
        0.0030248033877797943,
        0.05095541401273885,
        0.058728709173181876
    ],
    "acc_known_std": 0.02443686589257127,
    "acc_unknown": 0.037522975019362595,
    "acc_unknown_ori": [
        0.0,
        0.1337579617834395,
        0.016333938294010888,
        0.0
    ],
    "acc_unknown_std": 0.05596001979859768,
    "h": 0.007663460941623613,
    "h_ori": [
        0.0,
        0.005915826243732041,
        0.02473801752276241,
        0.0
    ],
    "h_std": 0.01014953172180084,
    "masked cell number": 1,
    "seed": 37
}