{
    "acc_known": 0.05619046172077971,
    "acc_known_ori": [
        0.08758178091577262,
        0.02614062808611495,
        0.04871132883181076,
        0.06232810904942052
    ],
    "acc_known_std": 0.02225991669893774,
    "acc_unknown": 0.056271826632778646,
    "acc_unknown_ori": [
        0.0,
        0.13736263736263737,
        0.07868852459016394,
        0.009036144578313253
    ],
    "acc_unknown_std": 0.05584790968308137,
    "h": 0.029969925042421304,
    "h_ori": [
        0.0,
        0.04392261654676307,
        0.06017310842432037,
        0.01578397519860178
    ],
    "h_std": 0.023485886541898253,
    "masked cell number": 1,
    "seed": 37
}