{
    "acc_known": 0.10050820161053038,
    "acc_known_ori": [
        0.13387123994732766,
        0.0385758708115796,
        0.10535913815276284,
        0.12422655753045142
    ],
    "acc_known_std": 0.037198111236103414,
    "acc_unknown": 0.09858966878839844,
    "acc_unknown_ori": [
        0.0,
        0.27607361963190186,
        0.10539845758354756,
        0.01288659793814433
    ],
    "acc_unknown_std": 0.11024047754437327,
    "h": 0.04910566735042917,
    "h_ori": [
        0.0,
        0.06769297652696099,
        0.10537879420039264,
        0.02335089867436304
    ],
    "h_std": 0.04057963634443003,
    "masked cell number": 1,
    "seed": 37
}