{
    "acc_known": 0.4676846164086682,
    "acc_known_ori": [
        0.38660227384999873,
        0.4481725877794411,
        0.518683207087845,
        0.5172803969173881
    ],
    "acc_known_std": 0.05480799036536676,
    "acc_unknown": 0.477176561726495,
    "acc_unknown_ori": [
        0.7775280898876404,
        0.5030674846625767,
        0.2930591259640103,
        0.33505154639175255
    ],
    "acc_unknown_std": 0.19038128223046963,
    "h": 0.442915922662255,
    "h_ori": [
        0.5164269172873376,
        0.47403607766464045,
        0.37451501820754074,
        0.4066856774895011
    ],
    "h_std": 0.055595963823020074,
    "masked cell number": 1,
    "seed": 37
}