{
    "acc_known": 0.46666740874522294,
    "acc_known_ori": [
        0.3922074741387351,
        0.4960408938777499,
        0.49612123499095234,
        0.48230003197345445
    ],
    "acc_known_std": 0.04335605574756164,
    "acc_unknown": 0.46254133452154567,
    "acc_unknown_ori": [
        0.7168539325842697,
        0.34049079754601225,
        0.3856041131105398,
        0.4072164948453608
    ],
    "acc_unknown_std": 0.14878794056733088,
    "h": 0.446586213473089,
    "h_ori": [
        0.5070151544737971,
        0.40380385179289874,
        0.43393646156574217,
        0.441589386059918
    ],
    "h_std": 0.03763964628193294,
    "masked cell number": 1,
    "seed": 37
}