{
    "acc_known": 0.5274255563691411,
    "acc_known_ori": [
        0.3694298148680975,
        0.6134010561966142,
        0.5344681976457744,
        0.5924031567660785
    ],
    "acc_known_std": 0.09568976989801971,
    "acc_unknown": 0.5258165635534151,
    "acc_unknown_ori": [
        0.9929577464788732,
        0.23865877712031558,
        0.5285412262156448,
        0.34310850439882695
    ],
    "acc_unknown_std": 0.2889940041596077,
    "h": 0.4620396507279363,
    "h_ori": [
        0.5385078473424351,
        0.3436226899378832,
        0.5314881885633974,
        0.4345398770680294
    ],
    "h_std": 0.07976418158399201,
    "masked cell number": 1,
    "seed": 37
}