{
    "acc_known": 0.04607612839294958,
    "acc_known_ori": [
        0.06792086831765702,
        0.013914095583787055,
        0.043878273177636234,
        0.058591276492717996
    ],
    "acc_known_std": 0.020451457871643104,
    "acc_unknown": 0.04447424293217119,
    "acc_unknown_ori": [
        0.0,
        0.12526539278131635,
        0.05263157894736842,
        0.0
    ],
    "acc_unknown_std": 0.05135578982352287,
    "h": 0.01822602809594902,
    "h_ori": [
        0.0,
        0.025046142488002954,
        0.04785796989579313,
        0.0
    ],
    "h_std": 0.019930768521677078,
    "masked cell number": 1,
    "seed": 37
}