{
    "acc_known": 0.47926172939946377,
    "acc_known_ori": [
        0.3079754363319585,
        0.5489459956981039,
        0.4638097053932975,
        0.596315780174495
    ],
    "acc_known_std": 0.10969880014284321,
    "acc_unknown": 0.47473968904554464,
    "acc_unknown_ori": [
        0.9812925170068028,
        0.2685624012638231,
        0.5353107344632768,
        0.11379310344827587
    ],
    "acc_unknown_std": 0.32903500220717335,
    "h": 0.3794012232947491,
    "h_ori": [
        0.46881486553951096,
        0.3606721479968089,
        0.4970017710395827,
        0.19111610860309397
    ],
    "h_std": 0.12002786231259473,
    "masked cell number": 1,
    "seed": 37
}