{
    "acc_known": 0.30363458194423903,
    "acc_known_ori": [
        0.16864602550360566,
        0.3950339414807005,
        0.2703304653713369,
        0.3805278954213132
    ],
    "acc_known_std": 0.09164810299698851,
    "acc_unknown": 0.28587604222838625,
    "acc_unknown_ori": [
        0.6547169811320754,
        0.00954653937947494,
        0.37949640287769787,
        0.09974424552429667
    ],
    "acc_unknown_std": 0.2528890320024186,
    "h": 0.19016263996550803,
    "h_ori": [
        0.2682059208581858,
        0.018642555718737457,
        0.3157439133691247,
        0.15805816991598418
    ],
    "h_std": 0.11435825967037468,
    "masked cell number": 1,
    "seed": 37
}