{
    "acc_known": 0.19456413398991193,
    "acc_known_ori": [
        0.28460580393771223,
        0.09986727688480558,
        0.18012851364111573,
        0.2136549414960142
    ],
    "acc_known_std": 0.06642259242656666,
    "acc_unknown": 0.18146188446430028,
    "acc_unknown_ori": [
        0.0,
        0.4065040650406504,
        0.21922428330522767,
        0.10011918951132301
    ],
    "acc_unknown_std": 0.15133987523148684,
    "h": 0.12361288791928307,
    "h_ori": [
        0.0,
        0.16034262074882563,
        0.19776270309239957,
        0.13634622783590708
    ],
    "h_std": 0.07464842993846964,
    "masked cell number": 1,
    "seed": 37
}