{
    "acc_known": 0.1728457121915055,
    "acc_known_ori": [
        0.2388739774676226,
        0.06520718138580084,
        0.211339584591714,
        0.17596210532088455
    ],
    "acc_known_std": 0.06602513772777059,
    "acc_unknown": 0.16822941022394322,
    "acc_unknown_ori": [
        0.0,
        0.47560975609756095,
        0.0387858347386172,
        0.15852205005959474
    ],
    "acc_unknown_std": 0.1868379535650254,
    "h": 0.08675512009122728,
    "h_ori": [
        0.0,
        0.114690090066435,
        0.06554297618889174,
        0.16678741410958237
    ],
    "h_std": 0.06156690780023967,
    "masked cell number": 1,
    "seed": 37
}