{
    "acc_known": 0.3173602042954514,
    "acc_known_ori": [
        0.2657124607275609,
        0.42619632795869067,
        0.33526465636759756,
        0.24226737212795635
    ],
    "acc_known_std": 0.07154071231933927,
    "acc_unknown": 0.31600350287779155,
    "acc_unknown_ori": [
        0.43323863636363635,
        0.017361111111111112,
        0.2534142640364188,
        0.56
    ],
    "acc_unknown_std": 0.20395039722333075,
    "h": 0.24740678211496384,
    "h_ori": [
        0.32939902270563176,
        0.033363173077901986,
        0.28864918788839283,
        0.3382157447879287
    ],
    "h_std": 0.12498459687338342,
    "masked cell number": 1,
    "seed": 37
}