{
    "acc_known": 0.028824172327730123,
    "acc_known_ori": [
        0.01113617956727988,
        0.02960686600221484,
        0.034459843638948114,
        0.04009380010247764
    ],
    "acc_known_std": 0.010865576360590185,
    "acc_unknown": 0.026430968690843222,
    "acc_unknown_ori": [
        0.07714285714285714,
        0.007462686567164179,
        0.01744186046511628,
        0.003676470588235294
    ],
    "acc_unknown_std": 0.029707164993013065,
    "h": 0.015319899831391978,
    "h_ori": [
        0.01946275676515689,
        0.01192065972725388,
        0.023160849716808832,
        0.006735333116348307
    ],
    "h_std": 0.006401042447326042,
    "masked cell number": 1,
    "seed": 37
}