{
    "acc_known": 0.09733137594929976,
    "acc_known_ori": [
        0.1252238243332391,
        0.0006600660066006601,
        0.13043105837301286,
        0.13301055508434645
    ],
    "acc_known_std": 0.05588363723664899,
    "acc_unknown": 0.09886584396353121,
    "acc_unknown_ori": [
        0.0,
        0.3842239185750636,
        0.009259259259259259,
        0.0019801980198019802
    ],
    "acc_unknown_std": 0.16478763171193986,
    "h": 0.005627800505375225,
    "h_ori": [
        0.0,
        0.0013178680211906196,
        0.01729103355773736,
        0.0039023004425729198
    ],
    "h_std": 0.006878517504647616,
    "masked cell number": 1,
    "seed": 37
}