{
    "acc_known": 0.23961707871554416,
    "acc_known_ori": [
        0.3243542573398543,
        0.06221713704551233,
        0.2938783446254169,
        0.27801857585139317
    ],
    "acc_known_std": 0.10376667180043345,
    "acc_unknown": 0.2450228832951945,
    "acc_unknown_ori": [
        0.0,
        0.7894736842105263,
        0.07105263157894737,
        0.11956521739130435
    ],
    "acc_unknown_std": 0.3172018924801298,
    "h": 0.09924954150804521,
    "h_ori": [
        0.0,
        0.11534418636075815,
        0.11443714626191251,
        0.16721683340951024
    ],
    "h_std": 0.06115497769820294,
    "masked cell number": 1,
    "seed": 37
}