{
    "acc_known": 0.3963615063619573,
    "acc_known_ori": [
        0.24311497526566406,
        0.4524339023097168,
        0.39016756618472304,
        0.49972958168772535
    ],
    "acc_known_std": 0.09663324579543303,
    "acc_unknown": 0.41138709501212845,
    "acc_unknown_ori": [
        0.9119318181818182,
        0.2349537037037037,
        0.4233687405159332,
        0.07529411764705882
    ],
    "acc_unknown_std": 0.31415593688672716,
    "h": 0.3075346517746037,
    "h_ori": [
        0.3838879648494955,
        0.30928989728311224,
        0.40609066792780163,
        0.1308700770380056
    ],
    "h_std": 0.10811633733062738,
    "masked cell number": 1,
    "seed": 37
}