{
    "acc_known": 0.47239144322870263,
    "acc_known_ori": [
        0.3752314503223105,
        0.46663760851403874,
        0.4467929841654435,
        0.6009037299130179
    ],
    "acc_known_std": 0.08161473483804692,
    "acc_unknown": 0.4647059785012403,
    "acc_unknown_ori": [
        0.7114285714285714,
        0.48606811145510836,
        0.5526315789473685,
        0.10869565217391304
    ],
    "acc_unknown_std": 0.22124796171412883,
    "h": 0.4114192813554287,
    "h_ori": [
        0.4913227123746547,
        0.47615471671922444,
        0.49410815266121283,
        0.18409154366662273
    ],
    "h_std": 0.13142543954740982,
    "masked cell number": 1,
    "seed": 37
}