{
    "acc_known": 0.10361458847459655,
    "acc_known_ori": [
        0.14177921359237822,
        0.02589626239511823,
        0.12335666532059048,
        0.12342621259029929
    ],
    "acc_known_std": 0.04549430422391344,
    "acc_unknown": 0.09866345851841882,
    "acc_unknown_ori": [
        0.0,
        0.3126934984520124,
        0.042105263157894736,
        0.03985507246376811
    ],
    "acc_unknown_std": 0.12470023233096185,
    "h": 0.042716625515705264,
    "h_ori": [
        0.0,
        0.04783129215072028,
        0.06278138908890059,
        0.06025382082320019
    ],
    "h_std": 0.025303250120971545,
    "masked cell number": 1,
    "seed": 37
}