{
    "acc_known": 0.22153808818439433,
    "acc_known_ori": [
        0.29036173517706204,
        0.16178547251199768,
        0.2774297761467816,
        0.1565753689017361
    ],
    "acc_known_std": 0.0625521885007767,
    "acc_unknown": 0.2278843268881384,
    "acc_unknown_ori": [
        0.0030534351145038168,
        0.4423076923076923,
        0.06557377049180328,
        0.4006024096385542
    ],
    "acc_unknown_std": 0.1953858761273718,
    "h": 0.14354575180878143,
    "h_ori": [
        0.006043318872823696,
        0.23691365227431513,
        0.1060753840414953,
        0.2251506520464916
    ],
    "h_std": 0.09445616986739361,
    "masked cell number": 1,
    "seed": 37
}