{
    "acc_known": 0.10473371945345683,
    "acc_known_ori": [
        0.12838689721389443,
        0.0256834526990114,
        0.1307377361041915,
        0.13412679179673
    ],
    "acc_known_std": 0.04568527956537099,
    "acc_unknown": 0.10575847278086069,
    "acc_unknown_ori": [
        0.03826530612244898,
        0.33587786259541985,
        0.023148148148148147,
        0.02574257425742574
    ],
    "acc_unknown_std": 0.13298239626604713,
    "h": 0.047300860916193094,
    "h_ori": [
        0.05895828348678893,
        0.04771806513420646,
        0.03933221683843052,
        0.04319487820534647
    ],
    "h_std": 0.007355745081376822,
    "masked cell number": 1,
    "seed": 37
}