{
    "acc_known": 0.41419407800631497,
    "acc_known_ori": [
        0.3937094737592172,
        0.3980948021585627,
        0.3962133626751716,
        0.4687586734323083
    ],
    "acc_known_std": 0.03154127015437149,
    "acc_unknown": 0.41043377498665434,
    "acc_unknown_ori": [
        0.4509433962264151,
        0.48687350835322196,
        0.46223021582733814,
        0.24168797953964194
    ],
    "acc_unknown_std": 0.09828794053055064,
    "h": 0.4010093217875848,
    "h_ori": [
        0.42038734143297485,
        0.4380310812983403,
        0.4266833435052238,
        0.31893552091380034
    ],
    "h_std": 0.047805288681475294,
    "masked cell number": 1,
    "seed": 37
}