{
    "acc_known": 0.39458420142807793,
    "acc_known_ori": [
        0.2452203960080929,
        0.5362610392248084,
        0.3874501489222071,
        0.4094052215572032
    ],
    "acc_known_std": 0.10326232381711721,
    "acc_unknown": 0.41125362166405877,
    "acc_unknown_ori": [
        0.8427230046948356,
        0.0,
        0.41226215644820297,
        0.39002932551319647
    ],
    "acc_unknown_std": 0.29822259208277396,
    "h": 0.2947125171808768,
    "h_ori": [
        0.37989636005490274,
        0.0,
        0.3994712419408437,
        0.39948246672776083
    ],
    "h_std": 0.17034001850069355,
    "masked cell number": 1,
    "seed": 37
}