{
    "acc_known": 0.528225098005186,
    "acc_known_ori": [
        0.42421442718010494,
        0.599748387727184,
        0.5273132237969814,
        0.5616243533164741
    ],
    "acc_known_std": 0.06528809690146517,
    "acc_unknown": 0.5169517233307763,
    "acc_unknown_ori": [
        0.7971428571428572,
        0.34701492537313433,
        0.5523255813953488,
        0.3713235294117647
    ],
    "acc_unknown_std": 0.18016968908884312,
    "h": 0.4949968818203214,
    "h_ori": [
        0.5537437813882973,
        0.43964872556854967,
        0.5395296677192694,
        0.4470653526051693
    ],
    "h_std": 0.051950017137015705,
    "masked cell number": 1,
    "seed": 37
}