{
    "acc_known": 0.24971086833372041,
    "acc_known_ori": [
        0.3458222730590892,
        0.09689248798472579,
        0.30022286949997795,
        0.2559058427910887
    ],
    "acc_known_std": 0.09378259361566127,
    "acc_unknown": 0.2386795606131968,
    "acc_unknown_ori": [
        0.0,
        0.6730769230769231,
        0.05573770491803279,
        0.22590361445783133
    ],
    "acc_unknown_std": 0.26424418088924195,
    "h": 0.12584748851039182,
    "h_ori": [
        0.0,
        0.1693991910460592,
        0.09402015230026076,
        0.23997061069524733
    ],
    "h_std": 0.08912267879947931,
    "masked cell number": 1,
    "seed": 37
}