{
    "acc_known": 0.16569539733424785,
    "acc_known_ori": [
        0.22771134981287067,
        0.09732042925801566,
        0.13821218941700872,
        0.1995376208490963
    ],
    "acc_known_std": 0.05104345558224808,
    "acc_unknown": 0.1572463064291032,
    "acc_unknown_ori": [
        0.0,
        0.3241758241758242,
        0.22950819672131148,
        0.07530120481927711
    ],
    "acc_unknown_std": 0.12701244549964003,
    "h": 0.10789162257528906,
    "h_ori": [
        0.0,
        0.14969969534409774,
        0.17252690660490072,
        0.10933988835215783
    ],
    "h_std": 0.06627279718315737,
    "masked cell number": 1,
    "seed": 37
}