{
    "acc_known": 0.4473698343830852,
    "acc_known_ori": [
        0.2844539712665075,
        0.5725020517924809,
        0.35619008115175127,
        0.5763332333216012
    ],
    "acc_known_std": 0.1295617188388545,
    "acc_unknown": 0.4586334959961697,
    "acc_unknown_ori": [
        0.9617346938775511,
        0.08651399491094147,
        0.7407407407407407,
        0.04554455445544554
    ],
    "acc_unknown_std": 0.40056544707394853,
    "h": 0.2887100794224082,
    "h_ori": [
        0.43904949648474595,
        0.15031330372921262,
        0.48105951495036325,
        0.08441800252531065
    ],
    "h_std": 0.1735577467845852,
    "masked cell number": 1,
    "seed": 37
}