{
    "acc_known": 0.4649735844444096,
    "acc_known_ori": [
        0.30709009232765466,
        0.5836458370607156,
        0.48088612140394643,
        0.4882722869853218
    ],
    "acc_known_std": 0.09975763002972292,
    "acc_unknown": 0.46397563471113207,
    "acc_unknown_ori": [
        0.9523809523809523,
        0.10110584518167456,
        0.4265536723163842,
        0.3758620689655172
    ],
    "acc_unknown_std": 0.3079686031964913,
    "h": 0.37840787417390753,
    "h_ori": [
        0.46442791333155553,
        0.17235446709541943,
        0.4520933343905221,
        0.4247557818781332
    ],
    "h_std": 0.11982813661785588,
    "masked cell number": 1,
    "seed": 37
}