{
    "acc_known": 0.0763756680106201,
    "acc_known_ori": [
        0.0984692347973674,
        0.014450137044488708,
        0.08852755194218609,
        0.10405574825843818
    ],
    "acc_known_std": 0.03618270375610998,
    "acc_unknown": 0.07706017689780918,
    "acc_unknown_ori": [
        0.0,
        0.26151761517615174,
        0.045531197301854974,
        0.0011918951132300357
    ],
    "acc_unknown_std": 0.10806582500383342,
    "h": 0.022469528792565075,
    "h_ori": [
        0.0,
        0.027387006984945922,
        0.060134313602945355,
        0.002356794582369022
    ],
    "h_std": 0.024249842309563046,
    "masked cell number": 1,
    "seed": 37
}