{
    "acc_known": 0.45427926700809995,
    "acc_known_ori": [
        0.3633478410433586,
        0.4736954705604591,
        0.47139470586098664,
        0.5086790505675954
    ],
    "acc_known_std": 0.054538490735476765,
    "acc_unknown": 0.4487355537180547,
    "acc_unknown_ori": [
        0.7028571428571428,
        0.4117647058823529,
        0.3868421052631579,
        0.29347826086956524
    ],
    "acc_unknown_std": 0.15319942199674474,
    "h": 0.42919436957289353,
    "h_ori": [
        0.4790478928072214,
        0.44056431063159773,
        0.42495338829924256,
        0.3722118865535125
    ],
    "h_std": 0.03833940085529369,
    "masked cell number": 1,
    "seed": 37
}