{
    "acc_known": 0.29245944282115605,
    "acc_known_ori": [
        0.16249186987441686,
        0.3733070705452494,
        0.2906192341793996,
        0.3434195966855584
    ],
    "acc_known_std": 0.08066633835747151,
    "acc_unknown": 0.2978447051153306,
    "acc_unknown_ori": [
        0.7325842696629213,
        0.03680981595092025,
        0.2699228791773779,
        0.15206185567010308
    ],
    "acc_unknown_std": 0.26418268768987496,
    "h": 0.20591905284948497,
    "h_ori": [
        0.26598628331136825,
        0.067011942265275,
        0.2798889809162265,
        0.2107890049050701
    ],
    "h_std": 0.08425930844339624,
    "masked cell number": 1,
    "seed": 37
}