{
    "acc_known": 0.4000347861521236,
    "acc_known_ori": [
        0.28408483848710536,
        0.3932211554256991,
        0.404930573864448,
        0.5179025768312423
    ],
    "acc_known_std": 0.08277620543383411,
    "acc_unknown": 0.3994170748847732,
    "acc_unknown_ori": [
        0.750561797752809,
        0.42024539877300615,
        0.37789203084832906,
        0.04896907216494845
    ],
    "acc_unknown_std": 0.2485022965714542,
    "h": 0.3247181997914478,
    "h_ori": [
        0.4121662790382008,
        0.4062843897267096,
        0.3909443493046797,
        0.08947778109620114
    ],
    "h_std": 0.13603691353063468,
    "masked cell number": 1,
    "seed": 37
}