{
    "acc_known": 0.012758591297456785,
    "acc_known_ori": [
        0.016786516873076977,
        0.0019550342130987292,
        0.01839158911119209,
        0.013901224992459339
    ],
    "acc_known_std": 0.00644160900412739,
    "acc_unknown": 0.007658921185379723,
    "acc_unknown_ori": [
        0.0,
        0.01972386587771203,
        0.0021141649048625794,
        0.008797653958944282
    ],
    "acc_unknown_std": 0.007685424495316122,
    "h": 0.0045313846178498636,
    "h_ori": [
        0.0,
        0.003557452863749555,
        0.0037923845388072377,
        0.010775701068842661
    ],
    "h_std": 0.003905752125823385,
    "masked cell number": 1,
    "seed": 37
}