{
    "acc_known": 0.2848239662057117,
    "acc_known_ori": [
        0.24608021792542076,
        0.33052325581395353,
        0.20364229273799073,
        0.35905009834548185
    ],
    "acc_known_std": 0.06262883900599388,
    "acc_unknown": 0.2878161232386047,
    "acc_unknown_ori": [
        0.4057142857142857,
        0.15671641791044777,
        0.5116279069767442,
        0.07720588235294118
    ],
    "acc_unknown_std": 0.1771549445811749,
    "h": 0.23434539639986116,
    "h_ori": [
        0.3063488853818737,
        0.21261988085379213,
        0.29132789272371884,
        0.12708492664005988
    ],
    "h_std": 0.07142883470930522,
    "masked cell number": 1,
    "seed": 37
}