{
    "acc_known": 0.0658446793840829,
    "acc_known_ori": [
        0.09502003691219572,
        0.0842682204226743,
        0.013052208835341366,
        0.07103825136612021
    ],
    "acc_known_std": 0.03164113812691563,
    "acc_unknown": 0.062248173019948644,
    "acc_unknown_ori": [
        0.0,
        0.0,
        0.2098360655737705,
        0.0391566265060241
    ],
    "acc_unknown_std": 0.08669641808853196,
    "h": 0.018765298729127376,
    "h_ori": [
        0.0,
        0.0,
        0.02457575802330562,
        0.05048543689320389
    ],
    "h_std": 0.020881819096669862,
    "masked cell number": 1,
    "seed": 37
}