{
    "acc_known": 0.16311390840996587,
    "acc_known_ori": [
        0.24080757627768953,
        0.09636796930953832,
        0.15991205601368688,
        0.15536803203894883
    ],
    "acc_known_std": 0.05138476640177704,
    "acc_unknown": 0.16392228332606787,
    "acc_unknown_ori": [
        0.0,
        0.34823848238482386,
        0.19898819561551434,
        0.10846245530393325
    ],
    "acc_unknown_std": 0.12762091025301706,
    "h": 0.11400728751350059,
    "h_ori": [
        0.0,
        0.15096063161013484,
        0.17732287084716875,
        0.1277456475966988
    ],
    "h_std": 0.06811904446769738,
    "masked cell number": 1,
    "seed": 37
}