{
    "acc_known": 0.35071668425629926,
    "acc_known_ori": [
        0.20369498357897928,
        0.45230534450288973,
        0.3876299759975897,
        0.3592364329457383
    ],
    "acc_known_std": 0.091338400448083,
    "acc_unknown": 0.3468628721109879,
    "acc_unknown_ori": [
        0.7857142857142857,
        0.020537124802527645,
        0.2570621468926554,
        0.32413793103448274
    ],
    "acc_unknown_std": 0.2773353789974815,
    "h": 0.25317969819477704,
    "h_ori": [
        0.32351841344818155,
        0.03929025801151607,
        0.3091242789912382,
        0.3407858423281723
    ],
    "h_std": 0.12399683473361454,
    "masked cell number": 1,
    "seed": 37
}