{
    "acc_known": 0.5638835183179557,
    "acc_known_ori": [
        0.41648819136098275,
        0.568491460484447,
        0.5523106535200014,
        0.7182437679063914
    ],
    "acc_known_std": 0.10689671813530875,
    "acc_unknown": 0.5815790378768363,
    "acc_unknown_ori": [
        1.0,
        0.6018957345971564,
        0.6002824858757062,
        0.12413793103448276
    ],
    "acc_unknown_std": 0.31027852604792977,
    "h": 0.4899402887827781,
    "h_ori": [
        0.5880574139637758,
        0.5847168982340739,
        0.5752982570145203,
        0.21168858591874226
    ],
    "h_std": 0.16071680749088896,
    "masked cell number": 1,
    "seed": 37
}