{
    "acc_known": 0.4999058227409957,
    "acc_known_ori": [
        0.40713196033562166,
        0.4707725836329955,
        0.5421875661019556,
        0.5795311808934099
    ],
    "acc_known_std": 0.06630173197035939,
    "acc_unknown": 0.5031088430795659,
    "acc_unknown_ori": [
        0.7628571428571429,
        0.6130030959752322,
        0.3394736842105263,
        0.2971014492753623
    ],
    "acc_unknown_std": 0.1928480214942162,
    "h": 0.4684546469548784,
    "h_ori": [
        0.5309169515851277,
        0.532554949695135,
        0.4175263697537675,
        0.3928203167854833
    ],
    "h_std": 0.06388393700681118,
    "masked cell number": 1,
    "seed": 37
}