{
    "acc_known": 0.45268737636949374,
    "acc_known_ori": [
        0.3625567433757795,
        0.5146964469689599,
        0.47899900871844464,
        0.45449730641479097
    ],
    "acc_known_std": 0.056267738723207145,
    "acc_unknown": 0.4485441526899224,
    "acc_unknown_ori": [
        0.7729591836734694,
        0.26208651399491095,
        0.3611111111111111,
        0.39801980198019804
    ],
    "acc_unknown_std": 0.19378390679448626,
    "h": 0.4192705093043033,
    "h_ori": [
        0.49359336618604666,
        0.34731708683279267,
        0.41178378923594305,
        0.4243877949624308
    ],
    "h_std": 0.05192162278453136,
    "masked cell number": 1,
    "seed": 37
}