{
    "acc_known": 0.4618081351187334,
    "acc_known_ori": [
        0.318583841855658,
        0.5257555379185775,
        0.40004312294530253,
        0.6028500377553957
    ],
    "acc_known_std": 0.10989791118773223,
    "acc_unknown": 0.4433124946745279,
    "acc_unknown_ori": [
        0.841743119266055,
        0.24203821656050956,
        0.6533575317604355,
        0.03611111111111111
    ],
    "acc_unknown_std": 0.31983987479014203,
    "h": 0.33952114526016336,
    "h_ori": [
        0.4622244690963719,
        0.3314768634213732,
        0.49624269025785256,
        0.06814055826505586
    ],
    "h_std": 0.16832251915224175,
    "masked cell number": 1,
    "seed": 37
}