{
    "acc_known": 0.06910641729791533,
    "acc_known_ori": [
        0.09596383676691779,
        0.056657546739626086,
        0.07534021071115013,
        0.048464074973967375
    ],
    "acc_known_std": 0.018311620870699402,
    "acc_unknown": 0.0667063749310901,
    "acc_unknown_ori": [
        0.0,
        0.10634328358208955,
        0.046511627906976744,
        0.11397058823529412
    ],
    "acc_unknown_std": 0.04653643371189952,
    "h": 0.04986303691871634,
    "h_ori": [
        0.0,
        0.0739278388718104,
        0.05751568276309864,
        0.06800862603995633
    ],
    "h_std": 0.029382233308477904,
    "masked cell number": 1,
    "seed": 37
}