{
    "acc_known": 0.3188901762638226,
    "acc_known_ori": [
        0.23868384293900127,
        0.407515110921523,
        0.229034982093006,
        0.40032676910176007
    ],
    "acc_known_std": 0.08513710930173336,
    "acc_unknown": 0.3109935071115254,
    "acc_unknown_ori": [
        0.5,
        0.030534351145038167,
        0.6203703703703703,
        0.09306930693069307
    ],
    "acc_unknown_std": 0.2537645528160764,
    "h": 0.21637871902825123,
    "h_ori": [
        0.32312043267299567,
        0.05681189258895256,
        0.3345552656496489,
        0.15102728520140782
    ],
    "h_std": 0.11735828859342398,
    "masked cell number": 1,
    "seed": 37
}