{
    "acc_known": 0.3131748379931096,
    "acc_known_ori": [
        0.39993500197674964,
        0.11261317636042206,
        0.38192500993615414,
        0.35822616369911237
    ],
    "acc_known_std": 0.11673529271539872,
    "acc_unknown": 0.32115962662703224,
    "acc_unknown_ori": [
        0.13773584905660377,
        0.9069212410501193,
        0.0737410071942446,
        0.16624040920716113
    ],
    "acc_unknown_std": 0.33984440861876747,
    "h": 0.18899041276911102,
    "h_ori": [
        0.20490375090579346,
        0.20034886497071375,
        0.12361481368624545,
        0.2270942215136914
    ],
    "h_std": 0.039077224707480256,
    "masked cell number": 1,
    "seed": 37
}