{
    "acc_known": 0.45317476342176843,
    "acc_known_ori": [
        0.4094681503417538,
        0.5516232610511786,
        0.5235669523339466,
        0.3280406899601946
    ],
    "acc_known_std": 0.08974404062854038,
    "acc_unknown": 0.45062145453146935,
    "acc_unknown_ori": [
        0.5685714285714286,
        0.17956656346749225,
        0.25,
        0.8043478260869565
    ],
    "acc_unknown_std": 0.2513733599140254,
    "h": 0.3878620006477333,
    "h_ori": [
        0.4760786704624302,
        0.27093673898128,
        0.3384108839928339,
        0.466021709154389
    ],
    "h_std": 0.08661415966980468,
    "masked cell number": 1,
    "seed": 37
}