{
    "acc_known": 0.49751549626879893,
    "acc_known_ori": [
        0.3519577346839473,
        0.6490368444280108,
        0.4967561911728793,
        0.49231121479035833
    ],
    "acc_known_std": 0.1050873945765061,
    "acc_unknown": 0.49522125453647736,
    "acc_unknown_ori": [
        0.9387755102040817,
        0.03475513428120063,
        0.4901129943502825,
        0.5172413793103449
    ],
    "acc_unknown_std": 0.3198751341699508,
    "h": 0.3939573639340415,
    "h_ori": [
        0.5119714755264686,
        0.06597726613910737,
        0.4934122331293869,
        0.5044684809412032
    ],
    "h_std": 0.18947443961743116,
    "masked cell number": 1,
    "seed": 37
}