{
    "acc_known": 0.020448118780311268,
    "acc_known_ori": [
        0.023529954584462377,
        0.010485863078787683,
        0.01689164090687391,
        0.030885016551121105
    ],
    "acc_known_std": 0.007588175349332535,
    "acc_unknown": 0.02377838022632297,
    "acc_unknown_ori": [
        0.0,
        0.056910569105691054,
        0.02866779089376054,
        0.009535160905840286
    ],
    "acc_unknown_std": 0.021736656478239316,
    "h": 0.013384557508038767,
    "h_ori": [
        0.0,
        0.017708843511024683,
        0.021257772989346606,
        0.014571613531783779
    ],
    "h_std": 0.008081498207947452,
    "masked cell number": 1,
    "seed": 37
}