{
    "acc_known": 0.3956238736723311,
    "acc_known_ori": [
        0.27970466102293584,
        0.4546966933133036,
        0.3245266215201353,
        0.5235675188329495
    ],
    "acc_known_std": 0.09791738543559275,
    "acc_unknown": 0.39983853589617774,
    "acc_unknown_ori": [
        0.7454128440366973,
        0.21443736730360935,
        0.6061705989110708,
        0.03333333333333333
    ],
    "acc_unknown_std": 0.2875300764684897,
    "h": 0.29590423822463635,
    "h_ori": [
        0.40677375195402277,
        0.291433264496705,
        0.4227336070441989,
        0.06267632940361881
    ],
    "h_std": 0.14386885080591624,
    "masked cell number": 1,
    "seed": 37
}