{
    "acc_known": 0.16685883385053932,
    "acc_known_ori": [
        0.22577653993042576,
        0.009721410481200078,
        0.2170071362423054,
        0.21493024874822608
    ],
    "acc_known_std": 0.0908146175952864,
    "acc_unknown": 0.15811809885482195,
    "acc_unknown_ori": [
        0.0,
        0.6018957345971564,
        0.009887005649717515,
        0.020689655172413793
    ],
    "acc_unknown_std": 0.2563196038621844,
    "h": 0.018947987845795444,
    "h_ori": [
        0.0,
        0.019133785081033947,
        0.018912350615713492,
        0.037745815686434335
    ],
    "h_std": 0.01334560194928933,
    "masked cell number": 1,
    "seed": 37
}