{
    "acc_known": 0.539055743495895,
    "acc_known_ori": [
        0.4893207207808916,
        0.6011497490430706,
        0.6422135759905292,
        0.4235389281690885
    ],
    "acc_known_std": 0.08705588871178259,
    "acc_unknown": 0.5380384538448728,
    "acc_unknown_ori": [
        0.7018348623853211,
        0.3227176220806794,
        0.23593466424682397,
        0.8916666666666667
    ],
    "acc_unknown_std": 0.2690315672162895,
    "h": 0.4789949359984808,
    "h_ori": [
        0.5766204609790632,
        0.41997720363173396,
        0.34509081151292514,
        0.574291267870201
    ],
    "h_std": 0.10003192150995538,
    "masked cell number": 1,
    "seed": 37
}