{
    "acc_known": 0.22471200949698356,
    "acc_known_ori": [
        0.3108990644730527,
        0.032642669893123616,
        0.2815699457419203,
        0.2737363578798376
    ],
    "acc_known_std": 0.11175313341211912,
    "acc_unknown": 0.2172714828472455,
    "acc_unknown_ori": [
        0.0,
        0.7664543524416136,
        0.05263157894736842,
        0.05
    ],
    "acc_unknown_std": 0.31776357895636137,
    "h": 0.058964909945106996,
    "h_ori": [
        0.0,
        0.06261846988692457,
        0.08868583614212991,
        0.0845553337513735
    ],
    "h_std": 0.03545564958393883,
    "masked cell number": 1,
    "seed": 37
}