{
    "acc_known": 0.7252998893066425,
    "acc_known_ori": [
        0.6839775132545208,
        0.6897317764315029,
        0.7840119779254985,
        0.7434782896150477
    ],
    "acc_known_std": 0.041079779100710416,
    "acc_unknown": 0.7216864038222022,
    "acc_unknown_ori": [
        0.82,
        0.8264925373134329,
        0.5784883720930233,
        0.6617647058823529
    ],
    "acc_unknown_std": 0.10576645851343683,
    "h": 0.715944263496243,
    "h_ori": [
        0.7458376949466949,
        0.7519443670713637,
        0.6657492789713962,
        0.7002457129955172
    ],
    "h_std": 0.035198031410065146,
    "masked cell number": 1,
    "seed": 37
}