{
    "acc_known": 0.4062189536490125,
    "acc_known_ori": [
        0.2871690427146677,
        0.4326450902661128,
        0.3807562861583352,
        0.5243053954569342
    ],
    "acc_known_std": 0.08582537090595292,
    "acc_unknown": 0.4077185056451737,
    "acc_unknown_ori": [
        0.755056179775281,
        0.34355828220858897,
        0.4832904884318766,
        0.04896907216494845
    ],
    "acc_unknown_std": 0.25454482647769594,
    "h": 0.328647340516392,
    "h_ori": [
        0.41608810775821076,
        0.3829893280260132,
        0.42593965262642575,
        0.08957227365491832
    ],
    "h_std": 0.13894389242862393,
    "masked cell number": 1,
    "seed": 37
}