{
    "acc_known": 0.020935704681579268,
    "acc_known_ori": [
        0.024022124434665688,
        0.0288656643442122,
        0.0046204620462046205,
        0.02623456790123457
    ],
    "acc_known_std": 0.00957438432504918,
    "acc_unknown": 0.022646222955628896,
    "acc_unknown_ori": [
        0.0,
        0.0,
        0.0787037037037037,
        0.011881188118811881
    ],
    "acc_unknown_std": 0.032726250744512304,
    "h": 0.00627095678975238,
    "h_ori": [
        0.0,
        0.0,
        0.008728499651593502,
        0.01635532750741602
    ],
    "h_std": 0.00682612349373605,
    "masked cell number": 1,
    "seed": 37
}