{
    "acc_known": 0.37593089598381924,
    "acc_known_ori": [
        0.23264740361480907,
        0.5051649593802736,
        0.27455349881420693,
        0.4913577221259873
    ],
    "acc_known_std": 0.1233210557625487,
    "acc_unknown": 0.3674993538016825,
    "acc_unknown_ori": [
        0.7886792452830189,
        0.002386634844868735,
        0.64568345323741,
        0.03324808184143223
    ],
    "acc_unknown_std": 0.3534862460259874,
    "h": 0.20290466544925367,
    "h_ori": [
        0.35930557358508125,
        0.004750824578944595,
        0.38528044503656667,
        0.06228181859642226
    ],
    "h_std": 0.17085220129869735,
    "masked cell number": 1,
    "seed": 37
}