{
    "acc_known": 0.47751298775324086,
    "acc_known_ori": [
        0.3756954795107908,
        0.5226112305387272,
        0.4878981144696685,
        0.523847126493777
    ],
    "acc_known_std": 0.0605296616477896,
    "acc_unknown": 0.4744566655193837,
    "acc_unknown_ori": [
        0.7942857142857143,
        0.32276119402985076,
        0.5087209302325582,
        0.27205882352941174
    ],
    "acc_unknown_std": 0.20459781449452222,
    "h": 0.44134781737421747,
    "h_ori": [
        0.5101099981424911,
        0.39906346571020834,
        0.4980919920627849,
        0.3581258135813853
    ],
    "h_std": 0.06454069874125003,
    "masked cell number": 1,
    "seed": 37
}