{
    "acc_known": 0.07730916221840994,
    "acc_known_ori": [
        0.11272343344418168,
        0.03875635560147154,
        0.0587883153364708,
        0.09896854449151575
    ],
    "acc_known_std": 0.029802013833683867,
    "acc_unknown": 0.0723287433848356,
    "acc_unknown_ori": [
        0.0,
        0.16531165311653118,
        0.11804384485666104,
        0.0059594755661501785
    ],
    "acc_unknown_std": 0.07136529064462944,
    "h": 0.03813039105470568,
    "h_ori": [
        0.0,
        0.06279158848563002,
        0.07848797150228287,
        0.011242004230909812
    ],
    "h_std": 0.03321829701490035,
    "masked cell number": 1,
    "seed": 37
}