{
    "acc_known": 0.07015371621191346,
    "acc_known_ori": [
        0.09650795761869385,
        0.0034275921165381317,
        0.08282208588957056,
        0.0978572292228513
    ],
    "acc_known_std": 0.03897080285404468,
    "acc_unknown": 0.06572421026069676,
    "acc_unknown_ori": [
        0.0,
        0.24233128834355827,
        0.02056555269922879,
        0.0
    ],
    "acc_unknown_std": 0.10230922247102706,
    "h": 0.009927251737095133,
    "h_ori": [
        0.0,
        0.00675957517353498,
        0.03294943177484555,
        0.0
    ],
    "h_std": 0.013575304808780895,
    "masked cell number": 1,
    "seed": 37
}