{
    "acc_known": 0.2150643334716965,
    "acc_known_ori": [
        0.28666279488150437,
        0.044629369517398564,
        0.2694959205616343,
        0.25946924892624895
    ],
    "acc_known_std": 0.0988799914087906,
    "acc_unknown": 0.21653746399264187,
    "acc_unknown_ori": [
        0.0,
        0.7116564417177914,
        0.056555269922879174,
        0.0979381443298969
    ],
    "acc_unknown_std": 0.28796326869055844,
    "h": 0.07992097913567421,
    "h_ori": [
        0.0,
        0.08399146945514584,
        0.09349093010719711,
        0.14220151698035388
    ],
    "h_std": 0.05115403395881379,
    "masked cell number": 1,
    "seed": 37
}