{
    "acc_known": 0.2897394648172007,
    "acc_known_ori": [
        0.18272610340856402,
        0.38475173440848504,
        0.2502711168372765,
        0.34120890461447734
    ],
    "acc_known_std": 0.07855896609899511,
    "acc_unknown": 0.29418830003397245,
    "acc_unknown_ori": [
        0.6314285714285715,
        0.02476780185758514,
        0.3973684210526316,
        0.12318840579710146
    ],
    "acc_unknown_std": 0.2378053335663236,
    "h": 0.2045268659154118,
    "h_ori": [
        0.2834313577111363,
        0.04653968310806139,
        0.3071147844269282,
        0.18102163841552132
    ],
    "h_std": 0.10278940303028791,
    "masked cell number": 1,
    "seed": 37
}