{
    "acc_known": 0.11684445228240231,
    "acc_known_ori": [
        0.1534964978516557,
        0.01874378886607754,
        0.14747821350762527,
        0.14765930890425075
    ],
    "acc_known_std": 0.056690156382221066,
    "acc_unknown": 0.11572039648771326,
    "acc_unknown_ori": [
        0.0,
        0.4212962962962963,
        0.02276176024279211,
        0.018823529411764704
    ],
    "acc_unknown_std": 0.17663390926486083,
    "h": 0.027179519071661114,
    "h_ori": [
        0.0,
        0.03589077038254077,
        0.03943684509511552,
        0.033390460808988165
    ],
    "h_std": 0.015838481578720042,
    "masked cell number": 1,
    "seed": 37
}