{
    "acc_known": 0.08334198710158085,
    "acc_known_ori": [
        0.10495043520607604,
        0.016276796471845236,
        0.10581670879437628,
        0.10632400793402584
    ],
    "acc_known_std": 0.0387232204897752,
    "acc_unknown": 0.08635426070073193,
    "acc_unknown_ori": [
        0.0,
        0.3037475345167653,
        0.021141649048625793,
        0.020527859237536656
    ],
    "acc_unknown_std": 0.12580013283946184,
    "h": 0.025137960450934013,
    "h_ori": [
        0.0,
        0.030897880688516337,
        0.035242102352612444,
        0.034411858762607266
    ],
    "h_std": 0.014604730485706872,
    "masked cell number": 1,
    "seed": 37
}