{
    "acc_known": 0.1777925120953412,
    "acc_known_ori": [
        0.2509169073545517,
        0.05296751717075043,
        0.19106947856947856,
        0.21621614528658406
    ],
    "acc_known_std": 0.07513506166617537,
    "acc_unknown": 0.18798463656286984,
    "acc_unknown_ori": [
        0.0,
        0.5170454545454546,
        0.14780600461893764,
        0.08708708708708708
    ],
    "acc_unknown_std": 0.19711283790645526,
    "h": 0.09673275446452279,
    "h_ori": [
        0.0,
        0.09609119564152631,
        0.16667606618373226,
        0.12416375603283261
    ],
    "h_std": 0.06124166083090036,
    "masked cell number": 1,
    "seed": 37
}