{
    "acc_known": 0.15263855079097574,
    "acc_known_ori": [
        0.2144686782100177,
        0.04388221940184989,
        0.16114637364637366,
        0.19105693190566173
    ],
    "acc_known_std": 0.06557297334094363,
    "acc_unknown": 0.15970644234934073,
    "acc_unknown_ori": [
        0.0,
        0.49886363636363634,
        0.10392609699769054,
        0.036036036036036036
    ],
    "acc_unknown_std": 0.19933612712249446,
    "h": 0.06691603335075266,
    "h_ori": [
        0.0,
        0.0806684871380121,
        0.12636026380036408,
        0.06063538246463447
    ],
    "h_std": 0.04538708134995452,
    "masked cell number": 1,
    "seed": 37
}