{
    "acc_known": 0.5252291784555945,
    "acc_known_ori": [
        0.3887337263758292,
        0.5961217150211582,
        0.49020379698742683,
        0.6258574754379638
    ],
    "acc_known_std": 0.09355425121249415,
    "acc_unknown": 0.507570426490128,
    "acc_unknown_ori": [
        0.9647887323943662,
        0.29191321499013806,
        0.6152219873150105,
        0.15835777126099707
    ],
    "acc_unknown_std": 0.31188737921167403,
    "h": 0.43612344996116637,
    "h_ori": [
        0.554177607735951,
        0.39191207569965203,
        0.5456434225700262,
        0.25276069383903627
    ],
    "h_std": 0.12400398634212793,
    "masked cell number": 1,
    "seed": 37
}