{
    "acc_known": 0.28847006335793923,
    "acc_known_ori": [
        0.3939868586415039,
        0.054733377954027294,
        0.3531352655600453,
        0.35202475127618055
    ],
    "acc_known_std": 0.1360031423559262,
    "acc_unknown": 0.30002624825203883,
    "acc_unknown_ori": [
        0.0,
        0.962059620596206,
        0.1045531197301855,
        0.133492252681764
    ],
    "acc_unknown_std": 0.3854371710773061,
    "h": 0.11462256519807497,
    "h_ori": [
        0.0,
        0.1035742238655842,
        0.1613385652233126,
        0.19357747170340306
    ],
    "h_std": 0.07361497846635777,
    "masked cell number": 1,
    "seed": 37
}