{
    "acc_known": 0.36643855167872985,
    "acc_known_ori": [
        0.22929756716129626,
        0.42212855072355304,
        0.38055292482044595,
        0.4337751640096242
    ],
    "acc_known_std": 0.08161259173284492,
    "acc_unknown": 0.3817133271526768,
    "acc_unknown_ori": [
        0.7831632653061225,
        0.23155216284987276,
        0.2962962962962963,
        0.21584158415841584
    ],
    "acc_unknown_std": 0.23373057801261962,
    "h": 0.31880669258605826,
    "h_ori": [
        0.35473457474330405,
        0.29905969960896384,
        0.33318032628591265,
        0.2882521697060525
    ],
    "h_std": 0.026556245320567922,
    "masked cell number": 1,
    "seed": 37
}