{
    "acc_known": 0.4924938107913709,
    "acc_known_ori": [
        0.3823731883825286,
        0.5229679395507998,
        0.5362755951182878,
        0.5283585201138673
    ],
    "acc_known_std": 0.06375410970477295,
    "acc_unknown": 0.4981580852489626,
    "acc_unknown_ori": [
        0.8348623853211009,
        0.39490445859872614,
        0.3684210526315789,
        0.39444444444444443
    ],
    "acc_unknown_std": 0.19469162412953703,
    "h": 0.46574467721555135,
    "h_ori": [
        0.5245147267008774,
        0.45000235642592323,
        0.43677672454188693,
        0.45168490119351784
    ],
    "h_std": 0.03441859586126604,
    "masked cell number": 1,
    "seed": 37
}