{
    "acc_known": 0.0225154626793971,
    "acc_known_ori": [
        0.026436678076022336,
        0.024043715846994537,
        0.004578754578754579,
        0.035002702215816965
    ],
    "acc_known_std": 0.011128433589892434,
    "acc_unknown": 0.025011259232570707,
    "acc_unknown_ori": [
        0.0,
        0.008241758241758242,
        0.09180327868852459,
        0.0
    ],
    "acc_unknown_std": 0.03870890144166807,
    "h": 0.005249528427829359,
    "h_ori": [
        0.0,
        0.012275644006323819,
        0.008722469704993614,
        0.0
    ],
    "h_std": 0.005397747647541773,
    "masked cell number": 1,
    "seed": 37
}