{
    "acc_known": 0.05660571487897184,
    "acc_known_ori": [
        0.07701014832162373,
        0.010840081638027521,
        0.06227106227106227,
        0.07630156728517384
    ],
    "acc_known_std": 0.027068694340234616,
    "acc_unknown": 0.05715951538092561,
    "acc_unknown_ori": [
        0.0,
        0.18956043956043955,
        0.036065573770491806,
        0.0030120481927710845
    ],
    "acc_unknown_std": 0.0777401400463884,
    "h": 0.017994840169824097,
    "h_ori": [
        0.0,
        0.020507438083362278,
        0.04567659990229604,
        0.005795322693638075
    ],
    "h_std": 0.017643947046726144,
    "masked cell number": 1,
    "seed": 37
}