{
    "acc_known": 0.5184383719077658,
    "acc_known_ori": [
        0.389684878634039,
        0.6167599838499958,
        0.49894146441170517,
        0.5683671607353232
    ],
    "acc_known_std": 0.08531942152992313,
    "acc_unknown": 0.5204789996755187,
    "acc_unknown_ori": [
        0.9389671361502347,
        0.2485207100591716,
        0.5454545454545454,
        0.3489736070381232
    ],
    "acc_unknown_std": 0.26416448912173873,
    "h": 0.464666799813322,
    "h_ori": [
        0.5507857443793737,
        0.35428417668723455,
        0.5211622547542373,
        0.4324350234324424
    ],
    "h_std": 0.07718714261296138,
    "masked cell number": 1,
    "seed": 37
}