{
    "acc_known": 0.5006694195380339,
    "acc_known_ori": [
        0.37827704841047843,
        0.5612738583805615,
        0.43031136335131065,
        0.632815408009785
    ],
    "acc_known_std": 0.1013232560387708,
    "acc_unknown": 0.48110229036078156,
    "acc_unknown_ori": [
        0.8,
        0.31156716417910446,
        0.7209302325581395,
        0.09191176470588236
    ],
    "acc_unknown_std": 0.2913007961458106,
    "h": 0.40345485253511515,
    "h_ori": [
        0.513668053089256,
        0.40070184572825046,
        0.5389389548736752,
        0.16051055644927914
    ],
    "h_std": 0.149609827225682,
    "masked cell number": 1,
    "seed": 37
}