{
    "acc_known": 0.5217718880712834,
    "acc_known_ori": [
        0.3965137188358927,
        0.5672492281713885,
        0.4829251438770084,
        0.6403994614008437
    ],
    "acc_known_std": 0.09129535600365722,
    "acc_unknown": 0.5178943767061222,
    "acc_unknown_ori": [
        0.8735849056603774,
        0.3723150357995227,
        0.6888489208633094,
        0.13682864450127877
    ],
    "acc_unknown_std": 0.2837893784637486,
    "h": 0.44707128186776174,
    "h_ori": [
        0.5454511846269872,
        0.4495603436454682,
        0.5677928437358929,
        0.2254807554626986
    ],
    "h_std": 0.13542604770482847,
    "masked cell number": 1,
    "seed": 37
}