{
    "acc_known": 0.0737370125430564,
    "acc_known_ori": [
        0.10202785561268674,
        0.048087431693989074,
        0.047619047619047616,
        0.09721371524650213
    ],
    "acc_known_std": 0.025940202682906224,
    "acc_unknown": 0.07330886326787966,
    "acc_unknown_ori": [
        0.0,
        0.1620879120879121,
        0.13114754098360656,
        0.0
    ],
    "acc_unknown_std": 0.07412052856083592,
    "h": 0.036009841156979104,
    "h_ori": [
        0.0,
        0.07417036899472865,
        0.06986899563318777,
        0.0
    ],
    "h_std": 0.036041939275658956,
    "masked cell number": 1,
    "seed": 37
}