{
    "acc_known": 0.4898691611319988,
    "acc_known_ori": [
        0.407004818588317,
        0.5741980978437887,
        0.5131006731050629,
        0.4651730549908266
    ],
    "acc_known_std": 0.061496889431963075,
    "acc_unknown": 0.4741827450348415,
    "acc_unknown_ori": [
        0.7171428571428572,
        0.2555970149253731,
        0.39825581395348836,
        0.5257352941176471
    ],
    "acc_unknown_std": 0.1697291236525103,
    "h": 0.4537679343563875,
    "h_ori": [
        0.5192922687555074,
        0.3537338736424382,
        0.44844213896380847,
        0.4936034560637962
    ],
    "h_std": 0.06307829378564948,
    "masked cell number": 1,
    "seed": 37
}