{
    "acc_known": 0.025757524129515846,
    "acc_known_ori": [
        0.03445973299673625,
        0.027260822235422106,
        0.007586161994111746,
        0.03372337929179329
    ],
    "acc_known_std": 0.010858655472551963,
    "acc_unknown": 0.024813361729409792,
    "acc_unknown_ori": [
        0.005660377358490566,
        0.01909307875894988,
        0.07194244604316546,
        0.0025575447570332483
    ],
    "acc_unknown_std": 0.02791070773437958,
    "h": 0.012665118790705667,
    "h_ori": [
        0.009723557124211375,
        0.02245735589925178,
        0.013725049725006653,
        0.004754512414352862
    ],
    "h_std": 0.006485403600680108,
    "masked cell number": 1,
    "seed": 37
}