{
    "acc_known": 0.10759062942347047,
    "acc_known_ori": [
        0.16176592813121093,
        0.06623243604604807,
        0.12331760555213056,
        0.07904654796449236
    ],
    "acc_known_std": 0.03777421578936284,
    "acc_unknown": 0.10371037536901852,
    "acc_unknown_ori": [
        0.0,
        0.2171837708830549,
        0.046762589928057555,
        0.15089514066496162
    ],
    "acc_unknown_std": 0.08529581729388995,
    "h": 0.0682663685402128,
    "h_ori": [
        0.0,
        0.10150873424715492,
        0.06781095944843227,
        0.10374578046526399
    ],
    "h_std": 0.04190569179553828,
    "masked cell number": 1,
    "seed": 37
}