{
    "acc_known": 0.26000538980134286,
    "acc_known_ori": [
        0.33966199392138124,
        0.04728019280549853,
        0.3323493100944081,
        0.3207300623840836
    ],
    "acc_known_std": 0.12300235026261463,
    "acc_unknown": 0.26627214291972057,
    "acc_unknown_ori": [
        0.0,
        0.8969907407407407,
        0.0622154779969651,
        0.10588235294117647
    ],
    "acc_unknown_std": 0.36608428365648704,
    "h": 0.08846058416128172,
    "h_ori": [
        0.0,
        0.08982569230993369,
        0.10481052447435701,
        0.15920611986083616
    ],
    "h_std": 0.05722628294776531,
    "masked cell number": 1,
    "seed": 37
}