{
    "acc_known": 0.22473808464204453,
    "acc_known_ori": [
        0.3049248904880572,
        0.038996038703811936,
        0.270628824608233,
        0.284402584768076
    ],
    "acc_known_std": 0.10793035260185174,
    "acc_unknown": 0.23817234085182487,
    "acc_unknown_ori": [
        0.0,
        0.8341232227488151,
        0.05649717514124294,
        0.06206896551724138
    ],
    "acc_unknown_std": 0.3449281744873992,
    "h": 0.06747180228573273,
    "h_ori": [
        0.0,
        0.07450872501413941,
        0.09347935727438034,
        0.10189912685441116
    ],
    "h_std": 0.04019824616390382,
    "masked cell number": 1,
    "seed": 37
}