{
    "acc_known": 0.3558986811592079,
    "acc_known_ori": [
        0.21346026658521075,
        0.47888741653494754,
        0.2796325291008484,
        0.45161451241582506
    ],
    "acc_known_std": 0.11224190090894266,
    "acc_unknown": 0.36649143311993904,
    "acc_unknown_ori": [
        0.8358490566037736,
        0.002386634844868735,
        0.579136690647482,
        0.04859335038363171
    ],
    "acc_unknown_std": 0.35325135505957295,
    "h": 0.20243111583596332,
    "h_ori": [
        0.3400723857201529,
        0.004749599076844832,
        0.37715710758313054,
        0.08774537096372494
    ],
    "h_std": 0.15945618011890386,
    "masked cell number": 1,
    "seed": 37
}