{
    "acc_known": 0.4950612518081222,
    "acc_known_ori": [
        0.4109966946351386,
        0.4763851658130835,
        0.4584904503372668,
        0.6343726964469999
    ],
    "acc_known_std": 0.08390582233727245,
    "acc_unknown": 0.48539877507066903,
    "acc_unknown_ori": [
        0.74,
        0.5232198142414861,
        0.6131578947368421,
        0.06521739130434782
    ],
    "acc_unknown_std": 0.2545225936243835,
    "h": 0.417530092892799,
    "h_ori": [
        0.528476850450753,
        0.4987053144743517,
        0.5246628534032851,
        0.1182753532428063
    ],
    "h_std": 0.17315414172711815,
    "masked cell number": 1,
    "seed": 37
}