{
    "acc_known": 0.054215831525456774,
    "acc_known_ori": [
        0.08932933725923609,
        0.023524122292595196,
        0.062359388381380776,
        0.04165047816861502
    ],
    "acc_known_std": 0.02449053349663209,
    "acc_unknown": 0.042901173310682536,
    "acc_unknown_ori": [
        0.0017006802721088435,
        0.0995260663507109,
        0.0014124293785310734,
        0.06896551724137931
    ],
    "acc_unknown_std": 0.04273325706057724,
    "h": 0.024022342851473266,
    "h_ori": [
        0.0033378141786038545,
        0.03805379547888131,
        0.002762293291017309,
        0.05193546845739059
    ],
    "h_std": 0.021539868138284374,
    "masked cell number": 1,
    "seed": 37
}