{
    "acc_known": 0.28585734853055866,
    "acc_known_ori": [
        0.3896662251165715,
        0.13466122011156653,
        0.31825689325689327,
        0.30084505563720343
    ],
    "acc_known_std": 0.09342231260481985,
    "acc_unknown": 0.2774439257912122,
    "acc_unknown_ori": [
        0.0,
        0.6988636363636364,
        0.16166281755196305,
        0.24924924924924924
    ],
    "acc_unknown_std": 0.25921511782099055,
    "h": 0.17821282140108496,
    "h_ori": [
        0.0,
        0.22581169411624658,
        0.2144121398245111,
        0.2726274516635821
    ],
    "h_std": 0.10517839067200757,
    "masked cell number": 1,
    "seed": 37
}