{
    "acc_known": 0.12364305913319262,
    "acc_known_ori": [
        0.16072595190706981,
        0.014374831323793484,
        0.15156781812258682,
        0.16790363517932036
    ],
    "acc_known_std": 0.06335115883240897,
    "acc_unknown": 0.1296430239861894,
    "acc_unknown_ori": [
        0.004580152671755725,
        0.4532967032967033,
        0.04262295081967213,
        0.018072289156626505
    ],
    "acc_unknown_std": 0.187358578611281,
    "h": 0.033984991852916244,
    "h_ori": [
        0.008906499852782124,
        0.027865983568186967,
        0.0665352703722486,
        0.03263221361844729
    ],
    "h_std": 0.020782947721793094,
    "masked cell number": 1,
    "seed": 37
}