{
    "acc_known": 0.11212235224937304,
    "acc_known_ori": [
        0.14704011170523873,
        0.04218999600061956,
        0.1211836836836837,
        0.13807561760795017
    ],
    "acc_known_std": 0.04142904804015962,
    "acc_unknown": 0.11193113843951026,
    "acc_unknown_ori": [
        0.0,
        0.30568181818181817,
        0.09699769053117784,
        0.04504504504504504
    ],
    "acc_unknown_std": 0.11700925498542324,
    "h": 0.062456433331745234,
    "h_ori": [
        0.0,
        0.07414636173880691,
        0.10775014585619408,
        0.06792922573197994
    ],
    "h_std": 0.039111802379807444,
    "masked cell number": 1,
    "seed": 37
}