{
    "acc_known": 0.3081250668438149,
    "acc_known_ori": [
        0.4189049621931383,
        0.12613999088007297,
        0.3816030143400644,
        0.3058522999619841
    ],
    "acc_known_std": 0.11268864996606436,
    "acc_unknown": 0.30209490825139496,
    "acc_unknown_ori": [
        0.002857142857142857,
        0.8563432835820896,
        0.06976744186046512,
        0.27941176470588236
    ],
    "acc_unknown_std": 0.3358664460896604,
    "h": 0.15889190680338455,
    "h_ori": [
        0.005675575430889584,
        0.21989002111082054,
        0.1179672517375427,
        0.2920347789342854
    ],
    "h_std": 0.10793269423561237,
    "masked cell number": 1,
    "seed": 37
}