{
    "acc_known": 0.4451383102775401,
    "acc_known_ori": [
        0.36600815009868387,
        0.5322644468878737,
        0.49080638905393803,
        0.39147425506966477
    ],
    "acc_known_std": 0.06858926696476485,
    "acc_unknown": 0.4266225406794897,
    "acc_unknown_ori": [
        0.6448863636363636,
        0.16319444444444445,
        0.291350531107739,
        0.6070588235294118
    ],
    "acc_unknown_std": 0.20487143959081192,
    "h": 0.3896050836638767,
    "h_ori": [
        0.466979811981206,
        0.24979938222082385,
        0.36564709314948735,
        0.47599404730398953
    ],
    "h_std": 0.09160993544161143,
    "masked cell number": 1,
    "seed": 37
}