{
    "acc_known": 0.5176750713273885,
    "acc_known_ori": [
        0.4305844112825193,
        0.580593785002083,
        0.47880156219391995,
        0.5807205268310321
    ],
    "acc_known_std": 0.06524842291109599,
    "acc_unknown": 0.5337667094525311,
    "acc_unknown_ori": [
        0.8137755102040817,
        0.35368956743002544,
        0.6388888888888888,
        0.3287128712871287
    ],
    "acc_unknown_std": 0.20244163031175683,
    "h": 0.49248720922937433,
    "h_ori": [
        0.5631795800024556,
        0.43958819160244017,
        0.5473805341577062,
        0.41980053115489535
    ],
    "h_std": 0.0634278086540199,
    "masked cell number": 1,
    "seed": 37
}