{
    "acc_known": 0.4553424552999723,
    "acc_known_ori": [
        0.3059985296597142,
        0.5431038916118248,
        0.43377347824651746,
        0.5384939216818326
    ],
    "acc_known_std": 0.09667608929015023,
    "acc_unknown": 0.44680598904446583,
    "acc_unknown_ori": [
        0.9048295454545454,
        0.17708333333333334,
        0.5053110773899848,
        0.2
    ],
    "acc_unknown_std": 0.29447917193790524,
    "h": 0.37072634759483136,
    "h_ori": [
        0.45733414378524556,
        0.26708234787211327,
        0.46681748160022435,
        0.29167141712174227
    ],
    "h_std": 0.0918234407790713,
    "masked cell number": 1,
    "seed": 37
}