{
    "acc_known": 0.4970988854480816,
    "acc_known_ori": [
        0.38116619125865087,
        0.5900039040185198,
        0.4574520884866178,
        0.559773358028538
    ],
    "acc_known_std": 0.08302362627610205,
    "acc_unknown": 0.4954322362053934,
    "acc_unknown_ori": [
        0.8112244897959183,
        0.272264631043257,
        0.6111111111111112,
        0.2871287128712871
    ],
    "acc_unknown_std": 0.2271015672306341,
    "h": 0.4485077843221415,
    "h_ori": [
        0.5186410023898896,
        0.37259203765373333,
        0.5232335423499447,
        0.37956455489499846
    ],
    "h_std": 0.07248961419650699,
    "masked cell number": 1,
    "seed": 37
}