{
    "acc_known": 0.4183569568607594,
    "acc_known_ori": [
        0.36247586192764797,
        0.5182597399243111,
        0.4907505733004632,
        0.3019416522906155
    ],
    "acc_known_std": 0.08929812662388947,
    "acc_unknown": 0.4363551516700516,
    "acc_unknown_ori": [
        0.6596244131455399,
        0.1242603550295858,
        0.19027484143763213,
        0.7712609970674487
    ],
    "acc_unknown_std": 0.28282935207262905,
    "h": 0.34413079225693205,
    "h_ori": [
        0.4678561067529854,
        0.20045797722530864,
        0.2742261463357671,
        0.4339829387136671
    ],
    "h_std": 0.11057791254416995,
    "masked cell number": 1,
    "seed": 37
}