{
    "acc_known": 0.7983108133776556,
    "acc_known_ori": [
        0.7376347404046637,
        0.7454331039012421,
        0.8496714223307031,
        0.8605039868740137
    ],
    "acc_known_std": 0.05697267101969111,
    "acc_unknown": 0.7982140632476835,
    "acc_unknown_ori": [
        0.971830985915493,
        0.9526627218934911,
        0.7082452431289641,
        0.5601173020527859
    ],
    "acc_unknown_std": 0.17232359115859902,
    "h": 0.78154632611785,
    "h_ori": [
        0.8386904586336548,
        0.8364031275086754,
        0.7725390663444583,
        0.6785526519846116
    ],
    "h_std": 0.06512209337065529,
    "masked cell number": 1,
    "seed": 37
}