{
    "acc_known": 0.4358684305372755,
    "acc_known_ori": [
        0.2525274614680771,
        0.5348934664456081,
        0.4052562017343844,
        0.5507965925010323
    ],
    "acc_known_std": 0.11996401506340078,
    "acc_unknown": 0.4275861444790924,
    "acc_unknown_ori": [
        0.9778911564625851,
        0.13744075829383887,
        0.5225988700564972,
        0.07241379310344828
    ],
    "acc_unknown_std": 0.361315225441059,
    "h": 0.30114880982141917,
    "h_ori": [
        0.4013989511129047,
        0.2186893391101562,
        0.4565075722461735,
        0.12799937681644216
    ],
    "h_std": 0.1331979038414651,
    "masked cell number": 1,
    "seed": 37
}