{
    "acc_known": 0.4933069622335658,
    "acc_known_ori": [
        0.33618584307774707,
        0.568937672944747,
        0.4595149617085892,
        0.60858937120318
    ],
    "acc_known_std": 0.10587608748529194,
    "acc_unknown": 0.49180151055130134,
    "acc_unknown_ori": [
        0.9502840909090909,
        0.2835648148148148,
        0.6039453717754173,
        0.12941176470588237
    ],
    "acc_unknown_std": 0.31522665315886134,
    "h": 0.40262803968520383,
    "h_ori": [
        0.49666463214664097,
        0.3784873550193094,
        0.5219224932936988,
        0.2134376782811662
    ],
    "h_std": 0.12191166155031714,
    "masked cell number": 1,
    "seed": 37
}