{
    "acc_known": 0.29778993225946077,
    "acc_known_ori": [
        0.15958081065194418,
        0.39817649523675946,
        0.2570695721965966,
        0.37633285095254276
    ],
    "acc_known_std": 0.0961851874282026,
    "acc_unknown": 0.2873661120381952,
    "acc_unknown_ori": [
        0.6471698113207547,
        0.002386634844868735,
        0.4244604316546763,
        0.07544757033248081
    ],
    "acc_unknown_std": 0.26190471799328985,
    "h": 0.17666954927541498,
    "h_ori": [
        0.25602926184921304,
        0.004744829599000308,
        0.32020853363240104,
        0.12569557202104553
    ],
    "h_std": 0.12150911447600718,
    "masked cell number": 1,
    "seed": 37
}