{
    "acc_known": 0.5862285838148122,
    "acc_known_ori": [
        0.4635974652447308,
        0.5802049743677976,
        0.6531739461661158,
        0.6479379494806045
    ],
    "acc_known_std": 0.07642709346779669,
    "acc_unknown": 0.5788409145079054,
    "acc_unknown_ori": [
        0.9655963302752294,
        0.5774946921443737,
        0.36116152450090744,
        0.4111111111111111
    ],
    "acc_unknown_std": 0.23722308473320725,
    "h": 0.5433650758966233,
    "h_ori": [
        0.6264343052263948,
        0.5788466607451387,
        0.46513467187832885,
        0.5030446657366309
    ],
    "h_std": 0.0630578530262888,
    "masked cell number": 1,
    "seed": 37
}