{
    "acc_known": 0.30444081236091813,
    "acc_known_ori": [
        0.4418085536701381,
        0.07511686132946889,
        0.3178968380863785,
        0.382940996357687
    ],
    "acc_known_std": 0.13946568967395004,
    "acc_unknown": 0.2922358211355641,
    "acc_unknown_ori": [
        0.0,
        0.8943089430894309,
        0.22934232715008432,
        0.04529201430274136
    ],
    "acc_unknown_std": 0.35806097757673944,
    "h": 0.12151268937645121,
    "h_ori": [
        0.0,
        0.13859272273863352,
        0.26645461535590315,
        0.08100341941126821
    ],
    "h_std": 0.09709045277329818,
    "masked cell number": 1,
    "seed": 37
}