{
    "acc_known": 0.34673351712032985,
    "acc_known_ori": [
        0.1977535322553645,
        0.4528691231400234,
        0.32132280852113726,
        0.41498860456479414
    ],
    "acc_known_std": 0.09844321183948829,
    "acc_unknown": 0.3659590370571792,
    "acc_unknown_ori": [
        0.8463302752293578,
        0.021231422505307854,
        0.4101633393829401,
        0.18611111111111112
    ],
    "acc_unknown_std": 0.3097954774964062,
    "h": 0.24462037839794282,
    "h_ori": [
        0.32059648886702863,
        0.04056125132657844,
        0.3603481393067131,
        0.2569756340914511
    ],
    "h_std": 0.12344843426644528,
    "masked cell number": 1,
    "seed": 37
}