{
    "acc_known": 0.15194208550877145,
    "acc_known_ori": [
        0.21274536135968006,
        0.04665866790578107,
        0.1943682318682319,
        0.1539960809013927
    ],
    "acc_known_std": 0.06439299878161177,
    "acc_unknown": 0.17071042804299155,
    "acc_unknown_ori": [
        0.0,
        0.4636363636363636,
        0.06004618937644342,
        0.15915915915915915
    ],
    "acc_unknown_std": 0.1784150074393597,
    "h": 0.08326711466819633,
    "h_ori": [
        0.0,
        0.08478489416045362,
        0.09174850704158802,
        0.1565350574707437
    ],
    "h_std": 0.0556233797491272,
    "masked cell number": 1,
    "seed": 37
}