{
    "acc_known": 0.19447605607391982,
    "acc_known_ori": [
        0.2751404170284078,
        0.10362325373872718,
        0.16117253617253616,
        0.23796801735600814
    ],
    "acc_known_std": 0.06663641263291797,
    "acc_unknown": 0.17412481503128155,
    "acc_unknown_ori": [
        0.0,
        0.33181818181818185,
        0.2956120092378753,
        0.06906906906906907
    ],
    "acc_unknown_std": 0.1422871192818709,
    "h": 0.11839982435744885,
    "h_ori": [
        0.0,
        0.1579274586291631,
        0.20860835915155543,
        0.10706347964907686
    ],
    "h_std": 0.07721244190549816,
    "masked cell number": 1,
    "seed": 37
}