{
    "acc_known": 0.48701453886397367,
    "acc_known_ori": [
        0.34336029232690096,
        0.5791434670502219,
        0.400960875090777,
        0.6245935209879949
    ],
    "acc_known_std": 0.11774707143699274,
    "acc_unknown": 0.4915765694881361,
    "acc_unknown_ori": [
        0.9701704545454546,
        0.18518518518518517,
        0.7450682852807283,
        0.06588235294117648
    ],
    "acc_unknown_std": 0.37696200178742767,
    "h": 0.3570978090470863,
    "h_ori": [
        0.507210069764771,
        0.28063527353271,
        0.5213536304289197,
        0.11919226246194463
    ],
    "h_std": 0.16730154968563288,
    "masked cell number": 1,
    "seed": 37
}